category_x,title_x,hj_as,hj_pfx,vt_as,vt_pfx,propagation,is_moas,moas_duration,is_submoas,submoas_duration,diff_cider,global_hege_freq_hijacked,global_hege_freq_normal,local_hege_hijacker,local_hege_freq_hijacked,local_hege_freq_normal,edit_distance,prepending,local_similarity,local_hege_freq,global_hege_freq,local_union,hege_score,new_title,no,title_y,category_y,detail,start_time,end_time,victim_as,hijack_as,innocent_as,prefix,hijack_prefix,link,comments,converted_start_time,converted_end_time,formatted_start_time,formatted_end_time
origin_change,backconnect_2.pickle,['203959'],82.118.233.0/24,201133.0,82.118.233.0/24,0.634375,1,544.6305418719212,0,,,0.0,0.0,0.0,0.0,0.0,4,0.0,0.9276807209881128,0.0,0.0,0.1666666666666666,"{'203959': {'web': {'200039': 0.125, '6762': 0.113575268817204, '3223': 1.0, '1299': 0.372311827956989, '25369': 0.125, '3356': 0.00201612903225806}, 'loc': {'48452': 0.4414743022256765, '1299': 0.15539180445722503, '8262': 0.22073715111283826, '6762': 0.21672226678296408, '3223': 1.0}}}",backconnect_2,9,backconnect_2,origin_change,moas,2016-09-07T07:00:00,,201133.0,203959,,82.118.233.0/24,82.118.233.0/24,https://dyn.com/blog/backconnects-suspicious-bgp-hijacks/,,2016-09-07 07:00:00,2016-09-08 07:00:00,2016-09-07 07:00:00 UTC,2016-09-08 07:00:00 UTC
forged_as_path,torg_2.pickle,['60937'],154.70.0.0/18,15399.0,154.70.0.0/18,0.0763358778625954,0,,0,,,0.0625,0.0,0.0,3.401325836809999e-06,0.0,4,0.0,2.8122103544636623e-05,1.7006629184049995e-06,0.03125,0.0,"{'1273': {'web': {'5089': 8.67938705735657e-06, '2914': 0.00971192315140532, '6461': 3.40132583681119e-06, '3257': 8.95469262648526e-05, '3356': 0.0335585253419756, '174': 0.00170884577335117, '1299': 0.0493623131428749}, 'loc': {'60937': 1.0, '6461': 1.0, '12389': 1.0, '16509': 1.0, '3267': 0.07142857142857142}}}",torg_2,6,torg_2,forged_as_path,moas,2014-09-26T20:30:00,,15399.0,60937,1273,154.70.0.0/18,154.70.0.0/18,https://dyn.com/blog/vast-world-of-fraudulent-routing/,,2014-09-26 20:30:00,2014-09-27 20:30:00,2014-09-26 20:30:00 UTC,2014-09-27 20:30:00 UTC
origin_change,bitcanal_5.pickle,['24196'],61.80.160.0/20,4766.0,61.80.0.0/14,0.4072727272727273,0,,0,,,0.0,0.0,0.0,0.0,0.0,3,0.0,0.0,0.0,0.0,0.0,"{'24196': {'web': {}, 'loc': {'6939': 0.14106280193236717, '197426': 1.0}}}",bitcanal_5,6,bitcanal_5,origin_change,subprefix,2015-01-23T12:00:00,,4766.0,24196,,61.80.0.0/14,61.80.160.0/20,https://dyn.com/blog/vast-world-of-fraudulent-routing/,,2015-01-23 12:00:00,2015-01-24 12:00:00,2015-01-23 12:00:00 UTC,2015-01-24 12:00:00 UTC
forged_as_path,enzu_1.pickle,['18978'],23.21.112.0/20,14618.0,23.20.0.0/15,0.1450381679389313,0,,0,,,0.7241379310344828,0.0,0.0,0.0,0.0,2,0.0,0.0,0.0,0.3620689655172414,0.0,"{'14618': {'web': {'209': 0.000628231650605041, '3356': 0.1209959434886, '2914': 0.227975695288017, '1299': 0.0364828352879681, '16509': 1.0}, 'loc': {'18978': 1.0, '4826': 0.008616975441619991, '3257': 1.0, '40633': 1.0, '6939': 0.5522763176791613, '7545': 0.013356311934510985, '12989': 0.09090909090909091}}}",enzu_1,14,enzu_1,forged_as_path,subprefix,2015-03-26T10:30:00,,14618.0,18978,,23.20.0.0/15,23.21.112.0/20,https://bgpmon.net/bgp-optimizer-causes-thousands-of-fake-routes/,,2015-03-26 10:30:00,2015-03-27 10:30:00,2015-03-26 10:30:00 UTC,2015-03-27 10:30:00 UTC
origin_change,bitcanal_hijack_1.pickle,['197426'],101.124.128.0/18,131486.0,101.124.0.0/16,0.9973544973544972,0,,0,,,0.0,0.0,0.0,0.8780815884831888,0.0,3,0.0,0.989530276476478,0.4390407942415944,0.0,0.5,"{'197426': {'web': {'174': 0.877750570704948, '1299': 0.000443786982248521, '3356': 0.00384615384615385, '3257': 8.87573964497042e-05}, 'loc': {'174': 1.0, '2914': 0.03717530414548397, '1299': 0.14394628998905856, '3257': 0.031929986654347604}}}",bitcanal_hijack_1,1,bitcanal_hijack_1,origin_change,subprefix,2018-06-29T13:00:00,,131486.0,197426,,101.124.0.0/16,101.124.128.0/18,https://dyn.com/blog/shutting-down-the-bgp-hijack-factory/,,2018-06-29 13:00:00,2018-06-30 13:00:00,2018-06-29 13:00:00 UTC,2018-06-30 13:00:00 UTC
forged_as_path,defcon_1.pickle,['26627'],24.120.56.0/24,20195.0,24.120.56.0/22,0.9116279069767442,1,-21533.8,0,,,0.9101796407185628,0.0,0.0,0.0,0.0,1,0.0,0.0,0.0,0.4550898203592814,0.0,"{'20195': {'web': {'26627': 0.0178501087935174, '3561': 0.0191521921268507, '4436': 0.0178501087935174, '23005': 1.0, '19151': 0.312012357026144, '22822': 0.306400633169935, '3356': 0.178385416666667}, 'loc': {'26627': 1.0, '3561': 1.0, '2914': 0.002061855670103093, '3549': 0.13957096740601896, '3257': 0.021477663230240546, '1299': 0.04810996563573883, '23005': 1.0, '4436': 1.0, '22822': 1.0, '3356': 0.061459960429032595}}, '26627': {'web': {'4436': 0.486346437526851, '1299': 0.29735809178744, '3561': 0.0484299516908213, '3549': 0.0630752606153064}, 'loc': {'22691': 1.0}}}",defcon_1,17,defcon_1,forged_as_path,subprefix,2008-08-10T19:30:00,,20195.0,26627,,24.120.56.0/22,24.120.56.0/24,https://dyn.com/blog/stealing-the-internet-back-1/,,2008-08-10 19:30:00,2008-08-11 19:30:00,2008-08-10 19:30:00 UTC,2008-08-11 19:30:00 UTC
forged_as_path,backconnect_5.pickle,['203959'],146.84.2.0/24,36351.0,146.84.0.0/18,1.0,0,,0,,,0.3739612188365651,0.0,0.0,0.0,0.0,4,0.0,0.0,0.0,0.1869806094182825,0.0,"{'6939': {'web': {'1299': 0.0432997161664352}, 'loc': {'42708': 1.0, '36236': 1.0, '4134': 1.0, '203959': 1.0, '3223': 1.0}}, '4134': {'web': {'2914': 0.00301938308223892, '701': 2.75516142377892e-06, '3257': 0.00135532339175106, '6453': 0.00288982985636138, '1299': 0.00363199909374627, '174': 0.105635762958791, '3356': 0.0350853372141174}, 'loc': {'6939': 0.053610011019494315, '203959': 1.0, '3223': 1.0}}}",backconnect_5,11,backconnect_5,forged_as_path,subprefix,2016-02-21T07:45:00,,36351.0,203959,"4134, 6939",146.84.0.0/18,146.84.2.0/24,https://dyn.com/blog/backconnects-suspicious-bgp-hijacks/,,2016-02-21 07:45:00,2016-02-22 07:45:00,2016-02-21 07:45:00 UTC,2016-02-22 07:45:00 UTC
origin_change,amazon_1.pickle,['10297'],205.251.192.0/24,16509.0,205.251.192.0/24,0.2105263157894736,0,,0,,,0.0,0.0,0.0,0.0,0.0,2,0.0,0.0,0.0,0.0,0.0,"{'10297': {'web': {'174': 0.307648601398601, '2914': 0.149519230769231, '1299': 0.00170454545454545, '3356': 0.447836538461538, '3257': 0.000262237762237762}, 'loc': {'6939': 0.853448275862069, '19151': 0.008620689655172414}}}",amazon_1,13,amazon_1,origin_change,moas,2018-04-24T11:00:00,,16509.0,10297,,205.251.192.0/24,205.251.192.0/24,https://doublepulsar.com/hijack-of-amazons-internet-domain-service-used-to-reroute-web-traffic-for-two-hours-unnoticed-3a6f0dda6a6f,,2018-04-24 11:00:00,2018-04-25 11:00:00,2018-04-24 11:00:00 UTC,2018-04-25 11:00:00 UTC
origin_change,backconnect_1.pickle,['203959'],172.81.129.0/24,48884.0,172.81.128.0/21,0.7127272727272728,0,,0,,,0.0,0.0,0.0,1.0,0.0,4,0.0,0.97174055835135,0.5,0.0,0.25,"{'203959': {'web': {'1299': 0.324561403508772, '6762': 0.0687134502923977, '3223': 1.0}, 'loc': {'6939': 0.08683269188329247, '3223': 1.0}}}",backconnect_1,8,backconnect_1,origin_change,subprefix,2015-12-03T22:00:00,,48884.0,203959,,172.81.128.0/21,172.81.129.0/24,https://dyn.com/blog/backconnects-suspicious-bgp-hijacks/,,2015-12-03 22:00:00,2015-12-04 22:00:00,2015-12-03 22:00:00 UTC,2015-12-04 22:00:00 UTC
forged_as_path,backconnect_3.pickle,['203959'],72.20.0.0/24,25761.0,72.20.0.0/19,0.6707692307692308,1,645.110599078341,0,,,0.8313953488372093,0.0,0.0,1.920689655172,0.0,5,0.0,0.0,0.960344827586,0.4156976744186046,0.0,"{'25761': {'web': {'174': 0.00474137931034483, '1299': 0.487174746915533, '3356': 0.0316810344827586, '3257': 0.495368356532743}, 'loc': {'3257': 1.0, '1229': 1.0, '3223': 1.0, '203959': 1.0}}, '134830': {'web': {'43350': 0.741379310344828, '3257': 0.310344827586207}, 'loc': {'32768': 1.0, '6939': 0.06559400564434258, '203959': 1.0, '3223': 1.0, '53587': 4.0}}, '203959': {'web': {'1299': 0.197701149425287, '6762': 0.0574712643678161, '3223': 0.920689655172414}, 'loc': {'134830': 3.0, '6939': 0.05832405251257129, '3223': 1.0, '53587': 4.0}}}",backconnect_3,9,backconnect_3,forged_as_path,subprefix,2016-02-20T08:30:00,,25761.0,203959,"134830, 25761",72.20.0.0/19,72.20.0.0/24,https://dyn.com/blog/backconnects-suspicious-bgp-hijacks/,,2016-02-20 08:30:00,2016-02-21 08:30:00,2016-02-20 08:30:00 UTC,2016-02-21 08:30:00 UTC
forged_as_path,petersburg_1.pickle,['44050'],192.135.33.0/24,137.0,192.135.32.0/23,0.9701492537313432,0,,0,,,0.0,0.0,0.0,0.1096285346690631,0.0,5,0.0,0.0724441096427653,0.0548142673345315,0.0,0.0,"{'198596': {'web': {'131788': 0.0296296296296296, '39792': 0.0296296296296296, '2914': 0.147811447811448, '1273': 0.0115974560419005, '6762': 0.0333333333333333, '44050': 0.0296296296296296, '3356': 0.0611111111111111, '6910': 0.569341563786008, '34304': 0.338552188552189, '9050': 0.239711934156379, '1299': 0.0317994762439207}, 'loc': {'131788': 1.0, '39792': 0.8468475636361471, '2914': 0.017329629682372623, '174': 0.44106678342852956, '701': 0.006141540451885279, '20485': 0.0023212419764143902, '3257': 0.00024884464984002843, '31500': 0.00529034184206598, '44050': 1.005290341842066, '3356': 0.04015234479135996, '3549': 0.005523627075351214, '1299': 0.22880697551436535}}}",petersburg_1,3,petersburg_1,forged_as_path,subprefix,2015-01-07T09:00:00,,137.0,44050,198596,192.135.32.0/23,192.135.33.0/24,https://dyn.com/blog/vast-world-of-fraudulent-routing/,,2015-01-07 09:00:00,2015-01-08 09:00:00,2015-01-07 09:00:00 UTC,2015-01-08 09:00:00 UTC
origin_change,backconnect_4.pickle,['203959'],161.123.185.0/24,12586.0,161.123.128.0/17,0.9239766081871345,1,-13235.069620253164,0,,,0.0,0.0,0.0,1.0059015711777115,0.0,6,0.0,0.9923070618853924,0.5029507855888559,0.0,1.0,"{'203959': {'web': {'1299': 0.197701149425287, '6762': 0.0574712643678161, '3223': 0.920689655172414}, 'loc': {'1299': 0.3409857906542768, '2914': 0.00828982480566191, '6762': 0.10945437913711012, '3223': 1.0, '3356': 0.03609467455621301}}}",backconnect_4,10,backconnect_4,origin_change,subprefix,2016-02-21T10:00:00,,12586.0,203959,25761,161.123.128.0/17,161.123.185.0/24,https://dyn.com/blog/backconnects-suspicious-bgp-hijacks/,,2016-02-21 10:00:00,2016-02-22 10:00:00,2016-02-21 10:00:00 UTC,2016-02-22 10:00:00 UTC
origin_change,iran_1.pickle,"['12880', '65050']",99.192.226.0/24,27589.0,99.192.128.0/17,0.448051948051948,1,-13734.507142857145,0,,,0.0,0.0,0.0,0.0,0.0,4,0.0,5.469138698366294e-06,0.0,0.0,0.0,"{'65050': {'web': {'20738': 0.031745754947429, '65015': 0.031745754947429, '65014': 0.031745754947429, '8529': 2.76798602720653e-07, '12880': 2.76798602720653e-07}, 'loc': {'8529': 1.0, '12880': 11.0}}, '12880': {'web': {'174': 0.00723160492404936, '12389': 0.0521930820639207, '200612': 0.00034029079885094, '3257': 0.126776620221261, '1273': 0.178233991562256, '6762': 0.000995680208357101, '20485': 0.000707082227418739, '3491': 0.00272299341895059, '6453': 0.0029315413876807, '3356': 0.0246735412615545, '29049': 0.209333133320454, '8529': 0.197700191387162, '34984': 2.35016521661473e-06, '2914': 0.0187379561939614, '48159': 0.323549472598473, '6939': 0.165981429812196, '1299': 0.0512206266241365, '15412': 0.252848204655549}, 'loc': {'8529': 1.0, '13030': 0.2}}}",iran_1,10,iran_1,origin_change,subprefix,2017-01-05T11:30:00,,27589.0,"12880, 65050",,99.192.128.0/17,99.192.226.0/24,https://dyn.com/blog/iran-leaks-censorship-via-bgp-hijacks/,,2017-01-05 11:30:00,2017-01-06 11:30:00,2017-01-05 11:30:00 UTC,2017-01-06 11:30:00 UTC
forged_as_path,torg_1.pickle,['60937'],200.239.0.0/18,11888.0,200.239.0.0/18,0.1038461538461538,0,,0,,,0.1666666666666666,0.0,0.0,3.401325836809998e-06,0.0,5,0.0,2.8122103544636623e-05,1.700662918404999e-06,0.0833333333333333,0.0,"{'1273': {'web': {'5089': 8.67938705735657e-06, '2914': 0.00971192315140532, '6461': 3.40132583681119e-06, '3257': 8.95469262648526e-05, '3356': 0.0335585253419756, '174': 0.00170884577335117, '1299': 0.0493623131428749}, 'loc': {'60937': 1.0, '6461': 1.0, '12389': 1.0, '16509': 1.0}}}",torg_1,5,torg_1,forged_as_path,moas,2014-09-26T20:30:00,,11888.0,60937,1273,200.239.0.0/18,200.239.0.0/18,https://dyn.com/blog/vast-world-of-fraudulent-routing/,,2014-09-26 20:30:00,2014-09-27 20:30:00,2014-09-26 20:30:00 UTC,2014-09-27 20:30:00 UTC
origin_change,dod_1.pickle,['13110'],128.19.65.0/24,27064.0,128.19.65.0/24,0.142156862745098,1,678.551724137931,0,,,0.0,0.0,0.0,0.0,2.017624113675708,5,0.0,0.0,1.0088120568378538,0.0,0.0,"{'13110': {'web': {'24724': 0.327040270286692, '3356': 0.118648812287575, '1299': 0.044187967310033, '9002': 0.256717745223797}, 'loc': {'4826': 0.05756578947368421, '6939': 1.0, '7545': 0.03125}}}",dod_1,22,dod_1,origin_change,moas,2014-09-10T00:00:00,,27064.0,13110,,128.19.65.0/24,128.19.65.0/24,https://dyn.com/blog/latest-isps-to-hijack/,,2014-09-10 00:00:00,2014-09-11 00:00:00,2014-09-10 00:00:00 UTC,2014-09-11 00:00:00 UTC
forged_as_path,petersburg_unused_1.pickle,['44050'],103.17.148.0/22,,,0.992337164750958,0,,0,,,0.0,0.0,0.0,0.0,0.0,5,0.0,0.0,0.0,0.0,0.0,"{'198747': {'web': {}, 'loc': {'39792': 1.0, '2914': 0.014491822203462975, '174': 0.48695349581049835, '701': 0.009139075912966992, '20485': 0.0513008046755538, '3257': 0.004792617646519643, '6453': 0.0017350869666255518, '1299': 0.37103912326833444, '44050': 1.0, '3549': 0.005143305570749642, '3356': 0.12253262941030198}}}",petersburg_unused_1,1,petersburg_unused_1,forged_as_path,moas_unused,2015-01-14T07:15:00,,,44050,198747,,103.17.148.0/22,https://dyn.com/blog/vast-world-of-fraudulent-routing/,,2015-01-14 07:15:00,2015-01-15 07:15:00,2015-01-14 07:15:00 UTC,2015-01-15 07:15:00 UTC
forged_as_path,facebook_1.pickle,['9318'],69.171.255.0/24,32934.0,69.171.255.0/24,0.1428571428571428,0,,0,,,0.0,0.0,0.0,0.0,0.0,4,0.0,0.0,0.0,0.0,0.0,"{'32934': {'web': {'32787': 0.0138888888888889, '6453': 0.00152439024390244, '3356': 0.198509485094851, '2914': 0.00592818428184282, '3549': 0.0963753387533875}, 'loc': {'6461': 0.05128205128205128, '4134': 0.8974358974358974, '3257': 0.07692307692307693, '9318': 1.0, '174': 0.07692307692307693, '286': 0.07692307692307693}}}",facebook_1,19,facebook_1,forged_as_path,moas,2011-03-22T07:15:00,,32934.0,9318, ,69.171.255.0/24,69.171.255.0/24,https://www.researchgate.net/publication/261245721_Studying_impacts_of_prefix_interception_attack_by_exploring_BGP_AS-PATH_prepending?enrichId=rgreq-3bc00f8bc8f419840139e279b09266e3-XXX&enrichSource=Y292ZXJQYWdlOzI2MTI0NTcyMTtBUzoxNjg4NzMzODcxMTA0MDBAMTQxNzI3Mzk2MTk3Mw%3D%3D&el=1_x_3&_esc=publicationCoverPdf,,2011-03-22 07:15:00,2011-03-23 07:15:00,2011-03-22 07:15:00 UTC,2011-03-23 07:15:00 UTC
forged_as_path,carlson_1.pickle,['36426'],63.161.162.0/24,1239.0,63.160.0.0/12 ,0.9104477611940298,1,-5791.453551912568,0,,,0.4411764705882353,0.0,0.0,0.0,0.1000913717686666,5,0.0,0.0,0.0500456858843333,0.2205882352941176,0.0,"{'36426': {'web': {}, 'loc': {'14710': 0.4761320069709367, '3561': 0.0011111111111111111, '2914': 0.009512486816187235, '701': 0.005251957505206735, '1239': 1.0, '3320': 0.0009057971014492754, '6453': 0.003782012572773443, '6830': 0.10599687106731655, '2828': 0.13368947691192912, '3549': 0.09213804169623362, '22773': 0.4761320069709367, '174': 0.025015428809513487, '1299': 0.07036104914807505, '3356': 0.6365511891705732}}}",carlson_1,18,carlson_1,forged_as_path,subprefix,2008-11-29T16:45:00,,1239.0,36426,,63.160.0.0/12 ,63.161.162.0/24,https://dyn.com/wp-content/uploads/2013/05/blackhat-09.pdf,,2008-11-29 16:45:00,2008-11-30 16:45:00,2008-11-29 16:45:00 UTC,2008-11-30 16:45:00 UTC
origin_change,h3s_1.pickle,['59790'],73.41.0.0/16,7922.0,73.0.0.0/8,0.9735849056603774,1,-24331.75968992248,0,,,0.0,0.0,0.0,1.0061910377358487,0.0,3,0.0,0.998107369750833,0.5030955188679244,0.0,0.25,"{'59790': {'web': {'174': 1.0, '1299': 0.0754716981132075}, 'loc': {'174': 1.0, '2914': 0.026147626499739174, '1299': 0.017018779342723, '3356': 0.057511737089201875, '3257': 0.02942097026604069}}}",h3s_1,2,h3s_1,origin_change,subprefix,2014-11-14T23:00:00,,7922.0,59790,,73.0.0.0/8,73.41.0.0/16,https://dyn.com/blog/vast-world-of-fraudulent-routing/,,2014-11-14 23:00:00,2014-11-15 23:00:00,2014-11-14 23:00:00 UTC,2014-11-15 23:00:00 UTC
typo,typo_1.pickle,['203959'],191.86.129.0/24,26615.0,191.86.128.0/19,0.6514084507042254,0,,0,,,0.0,0.0,0.0,1.0,0.0,1,0.0,0.9737966852777228,0.5,0.0,0.2,"{'203959': {'web': {'2914': 0.015625, '200039': 0.125, '6762': 0.0972222222222222, '3223': 1.0, '1299': 0.258564814814815, '25369': 0.125}, 'loc': {'6939': 0.1022875816993464, '3223': 1.0}}}",typo_1,1,typo_1,typo,subprefix,2016-05-20T21:30:00,,26615.0,203959,,191.86.128.0/19,191.86.129.0/24,https://dyn.com/blog/backconnects-suspicious-bgp-hijacks/,,2016-05-20 21:30:00,2016-05-21 21:30:00,2016-05-20 21:30:00 UTC,2016-05-21 21:30:00 UTC
forged_as_path,bitcanal_4.pickle,['197426'],115.116.97.0/24,4755.0,115.116.0.0/16,0.4312977099236641,0,,0,,,0.0,0.0,0.0,0.0,0.0,5,0.0,0.0,0.0,0.0,0.0,"{'18254': {'web': {}, 'loc': {'6939': 0.13043478260869565, '197426': 1.0}}}",bitcanal_4,5,bitcanal_4,forged_as_path,subprefix,2015-01-07T12:00:00,,4755.0,197426,18254,115.116.0.0/16,115.116.97.0/24,https://dyn.com/blog/vast-world-of-fraudulent-routing/,,2015-01-07 12:00:00,2015-01-08 12:00:00,2015-01-07 12:00:00 UTC,2015-01-08 12:00:00 UTC
origin_change,sky_1.pickle,['201509'],102.120.0.0/16,36972.0,102.120.0.0/13,0.996124031007752,0,,0,,,0.0,0.0,0.0,2.007459729501344,0.0,2,0.0,0.999623822627145,1.0037298647506718,0.0,0.5,"{'201509': {'web': {'197043': 1.0, '174': 1.0, '2914': 0.0184944372200549, '1299': 0.0555796368540192}, 'loc': {'2914': 0.051328671328671326, '197043': 1.0, '3257': 0.05174825174825175, '1299': 0.037296037296037296, '174': 1.0, '3356': 0.02807798262343717}}}",sky_1,3,sky_1,origin_change,subprefix,2015-01-02T11:30:00,,36972.0,201509,,102.120.0.0/13,102.120.0.0/16,https://dyn.com/blog/vast-world-of-fraudulent-routing/,,2015-01-02 11:30:00,2015-01-03 11:30:00,2015-01-02 11:30:00 UTC,2015-01-03 11:30:00 UTC
forged_as_path,backconnect_6.pickle,['203959'],161.123.172.0/24,12586.0,161.123.128.0/17,0.9883040935672516,0,,0,,,0.0016501650165016,0.0,0.0,0.0333747049466551,0.0,6,0.0,0.0010976207639046,0.0166873524733275,0.0008250825082508,0.0,"{'27176': {'web': {'63990': 0.0132013201320132, '2914': 0.00113804483896666, '5580': 0.303005251264043, '3257': 0.000910435871173324, '3356': 0.0359622169113463, '2828': 0.0483100034141345, '36352': 0.986798679867987, '174': 0.0016119592254792, '1299': 0.536871839893349}, 'loc': {'2914': 0.23857730133869035, '6762': 0.04408767884450527, '203959': 1.0, '3257': 0.0014787296037296039, '6453': 0.004110056610056609, '3356': 0.08515820379272038, '3223': 0.8946572246017109, '174': 0.05737504204962109, '1299': 0.44354374453338996}}, '29073': {'web': {'56611': 0.00700431034482759, '174': 0.00700431034482759, '9009': 0.0334051724137931, '3356': 0.429956896551724}, 'loc': {'2914': 0.2335918558750064, '6762': 0.012187795587596185, '3223': 0.5891987121074054, '3356': 0.0013037809647979141, '203959': 1.0, '6939': 0.006521954604024185, '1299': 0.03674795903110958}}}",backconnect_6,12,backconnect_6,forged_as_path,subprefix,2016-04-16T07:00:00,,12586.0,203959,"27176, 29073",161.123.128.0/17,161.123.172.0/24,https://dyn.com/blog/backconnects-suspicious-bgp-hijacks/,,2016-04-16 07:00:00,2016-04-17 07:00:00,2016-04-16 07:00:00 UTC,2016-04-17 07:00:00 UTC
forged_as_path,france_1.pickle,['35625'],195.101.184.0/22,3215.0,195.101.0.0/16,0.1568627450980392,0,,0,,,0.9333333333333332,0.0,0.0,3.37580850614e-06,0.0,3,0.0,2.021607899416189e-06,1.68790425307e-06,0.4666666666666667,0.0,"{'3215': {'web': {'3549': 0.0284006769819704, '3257': 0.00360580128884277, '6453': 3.37580850613722e-06, '1299': 0.0708634091068802, '5511': 1.0, '3356': 0.147173248211112}, 'loc': {'42708': 0.15384615384615385, '50304': 0.038461538461538464, '4826': 0.07692307692307693, '6453': 1.0, '6939': 0.8461538461538461, '35625': 1.0}}}",france_1,13,france_1,forged_as_path,subprefix,2012-12-28T14:15:00,,3215.0,35625,,195.101.0.0/16,195.101.184.0/22,https://bgpmon.net/accidentally-stealing-the-internet/,,2012-12-28 14:15:00,2012-12-29 14:15:00,2012-12-28 14:15:00 UTC,2012-12-29 14:15:00 UTC
origin_change,brazil_1.pickle,['33868'],177.39.184.0/23,52770.0,177.39.184.0/23,0.0514705882352941,1,-25078.5,0,,,0.0,0.0,0.0,1.0,0.0,5,0.0,0.0,0.5,0.0,0.0,"{'33868': {'web': {}, 'loc': {'13110': 1.0, '6939': 1.0}}}",brazil_1,21,brazil_1,origin_change,moas,2014-08-06T03:15:00,,52770.0,33868,,177.39.184.0/23,177.39.184.0/23,https://dyn.com/blog/latest-isps-to-hijack/,,2014-08-06 03:15:00,2014-08-07 03:15:00,2014-08-06 03:15:00 UTC,2014-08-07 03:15:00 UTC
forged_as_path,petersburg_unused_2.pickle,['44050'],196.43.200.0/24,29606.0,,0.9884615384615384,0,,0,,,0.0,0.0,0.0,0.0,0.0,5,0.0,0.0,0.0,0.0,0.0,"{'198747': {'web': {}, 'loc': {'39792': 1.0, '2914': 0.041120907051483975, '174': 0.08651861351618413, '701': 0.007249947022674296, '20485': 0.05719585553755636, '6762': 0.0021348823487860923, '6453': 0.009732741316882981, '1299': 0.7831256379443076, '1239': 0.0004995004995004995, '44050': 1.0, '3257': 0.0092033897082507, '3356': 0.04776221579357823, '3549': 0.00606568228519448}}}",petersburg_unused_2,2,petersburg_unused_2,forged_as_path,moas_unused,2015-01-15T06:15:00,,29606.0,44050,198747,,196.43.200.0/24,https://dyn.com/blog/vast-world-of-fraudulent-routing/,,2015-01-15 06:15:00,2015-01-16 06:15:00,2015-01-15 06:15:00 UTC,2015-01-16 06:15:00 UTC
origin_change,brazil_2.pickle,['57807'],177.200.2.0/23,52775.0,177.200.2.0/23,0.1534391534391534,1,-21386.41379310345,0,,,0.0,0.0,0.0,0.0,0.0,4,0.0,0.8430924288675281,0.0,0.0,0.5,"{'57807': {'web': {'13110': 0.519753086419753, '24724': 0.0189300411522634, '44514': 0.608641975308642, '58321': 0.00123456790123457, '9002': 0.389711934156379, '3356': 0.296296296296296}, 'loc': {'4826': 0.09090909090909091, '6939': 1.0, '13110': 1.0, '44514': 1.0}}}",brazil_2,23,brazil_2,origin_change,moas,2014-09-10T00:30:00,,52775.0,57807,,177.200.2.0/23,177.200.2.0/23,https://dyn.com/blog/latest-isps-to-hijack/,,2014-09-10 00:30:00,2014-09-11 00:30:00,2014-09-10 00:30:00 UTC,2014-09-11 00:30:00 UTC
origin_change,iran_2.pickle,"['12880', '65050']",141.0.174.0/24,46652.0,141.0.172.0/22,0.4610169491525424,1,-107.80272108843538,0,,,0.0,0.0,0.0,0.0,0.0,4,0.0,0.5825323096687081,0.0,0.0,0.2,"{'65050': {'web': {'8529': 0.015625, '12880': 0.015625}, 'loc': {'8529': 1.0, '9002': 0.018707482993197275, '12880': 11.0}}, '12880': {'web': {'174': 0.0170468429914085, '2914': 0.0205119807233305, '5580': 0.00249188805311933, '3257': 0.162906321063732, '1273': 0.174316994280684, '6762': 0.00106929469167128, '20485': 0.00588625213610191, '3491': 0.00208865490503675, '6453': 0.0041801187284532, '3356': 0.0265688458104913, '29049': 0.163458923062348, '8529': 0.204136693930517, '48159': 0.317969995331895, '6939': 0.13871103477528, '1299': 0.0651527363065825, '15412': 0.241842798531036}, 'loc': {'8220': 0.026041666666666664, '8732': 0.01488095238095238, '8529': 1.0, '15576': 0.020833333333333332, '20764': 0.025297619047619048, '13030': 0.14583333333333331}}}",iran_2,11,iran_2,origin_change,subprefix,2016-12-22T17:45:00,,46652.0,"12880, 65050",,141.0.172.0/22,141.0.174.0/24,https://dyn.com/blog/backconnects-suspicious-bgp-hijacks/,,2016-12-22 17:45:00,2016-12-23 17:45:00,2016-12-22 17:45:00 UTC,2016-12-23 17:45:00 UTC
forged_as_path,bitcanal_3.pickle,['197426'],115.116.96.0/24,4755.0,115.116.0.0/16,0.4312977099236641,0,,0,,,0.0,0.0,0.0,0.0,0.0,5,0.0,0.0,0.0,0.0,0.0,"{'18254': {'web': {}, 'loc': {'6939': 0.13043478260869565, '197426': 1.0}}}",bitcanal_3,4,bitcanal_3,forged_as_path,subprefix,2015-01-07T12:00:00,,4755.0,197426,18254,115.116.0.0/16,115.116.96.0/24,https://dyn.com/blog/vast-world-of-fraudulent-routing/,,2015-01-07 12:00:00,2015-01-08 12:00:00,2015-01-07 12:00:00 UTC,2015-01-08 12:00:00 UTC
origin_change,iran_3.pickle,['58224'],91.108.58.0/24,62014.0,91.108.56.0/22,0.9783783783783784,0,,0,,,0.0038610038610038,0.0,0.0,1.0581124938075612,0.0,3,0.0,0.8973633286153877,0.5290562469037806,0.0019305019305019,0.5,"{'58224': {'web': {'31549': 0.0424397460499925, '20485': 0.00201020876369503, '6453': 0.206732490117738, '49666': 0.374865796260165, '48159': 0.434864602085684, '174': 0.0273606780307892, '15412': 0.00457964176615936, '2880': 0.00409159177342117, '205647': 0.0626138281322345, '6762': 0.180253996291915, '3257': 0.0611370991460881, '1299': 0.17492647761188, '34984': 0.0273818164736137, '286': 0.0253400546444588, '2914': 0.00996839892796817, '44400': 0.00409159177342117, '1273': 0.103123431279368, '12880': 0.429661323725382, '3356': 0.0779729454267359, '200612': 0.0269526382865214, '5511': 0.259261004512005, '6939': 0.00165607093504907, '43754': 0.0511448971677646, '12389': 0.000181118454402945, '29049': 0.0474710835241525, '198569': 0.00409159177342117, '41689': 0.0511448971677646}, 'loc': {'2914': 0.019526683881880082, '12880': 1.0, '3257': 0.018185743051730725, '6453': 1.0, '1299': 0.13820912754346773, '48159': 1.0, '174': 0.15000111941635266, '3356': 0.08268738706867904}}}",iran_3,12,iran_3,origin_change,subprefix,2018-07-30T06:15:00,,62014.0,58224,,91.108.56.0/22,91.108.58.0/24,https://www.cyberscoop.com/telegram-iran-bgp-hijacking/,,2018-07-30 06:15:00,2018-07-31 06:15:00,2018-07-30 06:15:00 UTC,2018-07-31 06:15:00 UTC
forged_as_path,petersburg_2.pickle,['44050'],192.84.129.0/24,137.0,192.84.128.0/20,0.9701492537313432,0,,0,,,0.0,0.0,0.0,0.1091998433331282,0.0,5,0.0,0.0724474395151739,0.0545999216665641,0.0,0.0,"{'198596': {'web': {'131788': 0.0296296296296296, '39792': 0.0296296296296296, '2914': 0.147811447811448, '1273': 0.0115974560419005, '6762': 0.0333333333333333, '44050': 0.0296296296296296, '3356': 0.0611111111111111, '6910': 0.569341563786008, '34304': 0.338552188552189, '9050': 0.239711934156379, '1299': 0.0317994762439207}, 'loc': {'131788': 1.0, '39792': 0.8479969889235034, '2914': 0.01560549175133814, '174': 0.44227065710770264, '701': 0.006141540451885279, '20485': 0.0030875255013186045, '3257': 0.0010151281747442429, '31500': 0.00529034184206598, '44050': 1.005290341842066, '3356': 0.04077930403900887, '3549': 0.006150586323000117, '1299': 0.2276575502270091}}}",petersburg_2,4,petersburg_2,forged_as_path,subprefix,2015-01-07T09:00:00,,137.0,44050,198596,192.84.128.0/20,192.84.129.0/24,https://dyn.com/blog/vast-world-of-fraudulent-routing/,,2015-01-07 09:00:00,2015-01-08 09:00:00,2015-01-07 09:00:00 UTC,2015-01-08 09:00:00 UTC
origin_change,pakistan_1.pickle,['17557'],208.65.153.0/24,36561.0,208.65.152.0/22,0.9076923076923076,0,,0,,,0.0,0.0,0.0,0.353623962052771,0.0,3,0.0,0.8592558338504334,0.1768119810263855,0.0,0.2,"{'17557': {'web': {'701': 0.00604304165633933, '24493': 0.00102109556219714, '6762': 0.197010423370926, '5400': 0.188546853156322, '1239': 0.00854010051197541, '702': 0.117899003088381, '3491': 0.352606813424011, '6453': 2.3719727697526e-05, '1299': 0.00535387654289889, '3549': 0.00163590514598491, '7473': 0.00102109556219714, '3356': 0.000284954407294833}, 'loc': {'1299': 0.003436426116838488, '2914': 0.004639175257731959, '3549': 0.29679344642958955, '3491': 1.0}}}",pakistan_1,7,pakistan_1,origin_change,subprefix,2008-02-24T18:00:00,,36561.0,17557,,208.65.152.0/22,208.65.153.0/24,https://dyn.com/blog/pakistan-hijacks-youtube-1/,,2008-02-24 18:00:00,2008-02-25 18:00:00,2008-02-24 18:00:00 UTC,2008-02-25 18:00:00 UTC
origin_change,sprint_1.pickle,['1239'],95.128.184.0/22,34547.0,95.128.184.0/22,0.7659574468085106,1,-19680.316666666666,0,,,0.0,0.0,0.0,0.017512719517394,0.0,4,0.0,0.7260170232217622,0.008756359758697,0.0,0.2,"{'34547': {'web': {'3356': 0.455729166666667, '2914': 0.322048611111111, '5603': 1.0}, 'loc': {'2914': 1.0, '1239': 1.0, '5603': 1.0}}, '1239': {'web': {'2914': 0.062767525924706, '3257': 0.0195704365020665, '6453': 3.42331397754738e-06, '3356': 0.0337753961896734, '174': 0.0191564268025865, '1299': 0.0556298687693314}, 'loc': {'6939': 0.015841584158415842, '1299': 0.12871287128712872, '3257': 0.09735973597359734}}}",sprint_1,19,sprint_1,origin_change,moas,2014-09-09T13:45:00,,34547.0,1239,,95.128.184.0/22,95.128.184.0/22,https://dyn.com/blog/latest-isps-to-hijack/,,2014-09-09 13:45:00,2014-09-10 13:45:00,2014-09-09 13:45:00 UTC,2014-09-10 13:45:00 UTC
origin_change,windstream_1.pickle,['7029'],61.174.51.0/24,4134.0,61.174.51.0/24,0.9522058823529412,0,,0,,,0.0,0.0,0.0,0.2177233026395695,0.0,3,0.0,0.4628516457309185,0.1088616513197847,0.0,0.5,"{'7029': {'web': {'174': 0.0176148379859369, '2914': 0.00679951573374312, '30700': 6.60079077473481e-07, '3356': 0.269577006470311, '11537': 6.60079077473481e-07, '701': 3.03517370431074e-05, '3549': 0.000167537985895345, '6453': 0.0179698317527817, '1299': 0.165101734022186, '2828': 0.372376154353044, '11427': 3.2800879504259e-05, '40412': 3.2800879504259e-05, '3257': 0.0147391824308806, '7843': 3.2800879504259e-05}, 'loc': {'1299': 1.0, '2914': 0.006060606060606061, '3549': 0.017482517482517484, '3356': 0.09731934731934731, '3257': 0.01418026418026418}}}",windstream_1,20,windstream_1,origin_change,moas,2014-09-10T05:45:00,,4134.0,7029,,61.174.51.0/24,61.174.51.0/24,https://dyn.com/blog/latest-isps-to-hijack/,,2014-09-10 05:45:00,2014-09-11 05:45:00,2014-09-10 05:45:00 UTC,2014-09-11 05:45:00 UTC
forged_as_path,torg_3.pickle,['60937'],186.96.128.0/18,11750.0,186.96.128.0/18,0.989247311827957,0,,0,,,0.4861111111111111,0.0,0.0,3.401325836809998e-06,0.0,5,0.0,2.2770195740817734e-05,1.700662918404999e-06,0.2430555555555555,0.0,"{'1273': {'web': {'5089': 8.67938705735657e-06, '2914': 0.00563049204795988, '6461': 3.40132583681119e-06, '3257': 8.95469262648526e-05, '3356': 0.0335585253419756, '174': 0.00170884577335117, '1299': 0.0664863664541425}, 'loc': {'60937': 1.0, '6461': 1.0, '6939': 0.14285714285714285, '12389': 1.0, '16509': 1.0}}}",torg_3,7,torg_3,forged_as_path,moas_unused,2014-09-27T21:00:00,,11750.0,60937,1273,186.96.128.0/18,186.96.128.0/18,https://dyn.com/blog/vast-world-of-fraudulent-routing/,,2014-09-27 21:00:00,2014-09-28 21:00:00,2014-09-27 21:00:00 UTC,2014-09-28 21:00:00 UTC
